{"cameraMode":{"drawMode":0,"name":"Shaded","section":"Shading Mode"},"sceneLighting":true,"audioPlay":false,"sceneViewState":{"showFog":true,"showMaterialUpdate":false,"showSkybox":true,"showFlares":true,"showImageEffects":true,"showParticleSystems":true},"in2DMode":false,"pivot":{"x":65.90432739257813,"y":22.934154510498048,"z":13.07156753540039},"rotation":{"x":-0.011941567994654179,"y":0.9504554867744446,"z":-0.3084540367126465,"w":-0.03680001571774483},"size":60.93120574951172,"orthographic":false}