{"cameraMode":{"drawMode":0,"name":"Shaded","section":"Shading Mode"},"sceneLighting":true,"audioPlay":false,"sceneViewState":{"showFog":true,"showMaterialUpdate":false,"showSkybox":true,"showFlares":true,"showImageEffects":true,"showParticleSystems":true},"in2DMode":false,"pivot":{"x":-0.0814039558172226,"y":-0.12640266120433808,"z":-0.03500000387430191},"rotation":{"x":-0.14863912761211396,"y":0.8510597348213196,"z":-0.3681884706020355,"w":-0.3435800075531006},"size":7.964903354644775,"orthographic":false}