{"cameraMode":{"drawMode":0,"name":"Shaded","section":"Shading Mode"},"sceneLighting":true,"audioPlay":false,"sceneViewState":{"showFog":true,"showMaterialUpdate":false,"showSkybox":true,"showFlares":true,"showImageEffects":true,"showParticleSystems":true},"in2DMode":false,"pivot":{"x":-0.03460395336151123,"y":-0.23310266435146333,"z":-0.03500000387430191},"rotation":{"x":0.406015008687973,"y":-0.47733941674232485,"z":0.26441827416419985,"w":0.7330920100212097},"size":0.46490126848220827,"orthographic":false}