{"cameraMode":{"drawMode":0,"name":"Shaded","section":"Shading Mode"},"sceneLighting":true,"audioPlay":false,"sceneViewState":{"showFog":true,"showMaterialUpdate":false,"showSkybox":true,"showFlares":true,"showImageEffects":true,"showParticleSystems":true},"in2DMode":false,"pivot":{"x":-0.5199999809265137,"y":0.0,"z":-0.5199999809265137},"rotation":{"x":-0.027562160044908525,"y":0.9536064267158508,"z":-0.09212649613618851,"w":-0.28529423475265505},"size":1277.86474609375,"orthographic":false}