{"cameraMode":{"drawMode":0,"name":"Shaded","section":"Shading Mode"},"sceneLighting":true,"audioPlay":false,"sceneViewState":{"showFog":true,"showMaterialUpdate":false,"showSkybox":true,"showFlares":true,"showImageEffects":true,"showParticleSystems":true},"in2DMode":false,"pivot":{"x":-5.343795299530029,"y":1.0000107288360596,"z":-6.999994277954102},"rotation":{"x":-0.1464838683605194,"y":0.449436217546463,"z":-0.07498004287481308,"w":-0.8780303597450256},"size":7.119740009307861,"orthographic":false}