{"cameraMode":{"drawMode":0,"name":"Shaded","section":"Shading Mode"},"sceneLighting":true,"audioPlay":false,"sceneViewState":{"showFog":true,"showMaterialUpdate":false,"showSkybox":true,"showFlares":true,"showImageEffects":true,"showParticleSystems":true},"in2DMode":false,"pivot":{"x":-0.523930549621582,"y":-0.038561344146728519,"z":-15.619998931884766},"rotation":{"x":0.16303260624408723,"y":-0.8212941884994507,"z":0.2882157564163208,"w":0.4645845890045166},"size":27.524852752685548,"orthographic":false}