{"cameraMode":{"drawMode":2,"name":"Shaded Wireframe","section":"Shading Mode"},"sceneLighting":true,"audioPlay":false,"sceneViewState":{"showFog":true,"showMaterialUpdate":false,"showSkybox":true,"showFlares":true,"showImageEffects":true,"showParticleSystems":true},"in2DMode":false,"pivot":{"x":-95.89398193359375,"y":-197.2763671875,"z":-129.2542724609375},"rotation":{"x":-0.06946231424808502,"y":0.9217228889465332,"z":-0.19531157612800599,"w":-0.3278105854988098},"size":1688.629150390625,"orthographic":false}