{"cameraMode":{"drawMode":0,"name":"Shaded","section":"Shading Mode"},"sceneLighting":true,"audioPlay":false,"sceneViewState":{"showFog":true,"showMaterialUpdate":false,"showSkybox":true,"showFlares":true,"showImageEffects":true,"showParticleSystems":true},"in2DMode":false,"pivot":{"x":-10.899999618530274,"y":-0.28675103187561037,"z":2.078390121459961},"rotation":{"x":0.406015008687973,"y":-0.47733941674232485,"z":0.26441827416419985,"w":0.7330920100212097},"size":6.015650749206543,"orthographic":false}