{"cameraMode":{"drawMode":2,"name":"Shaded Wireframe","section":"Shading Mode"},"sceneLighting":true,"audioPlay":false,"sceneViewState":{"showFog":true,"showMaterialUpdate":false,"showSkybox":true,"showFlares":true,"showImageEffects":true,"showParticleSystems":true},"in2DMode":false,"pivot":{"x":-502.65966796875,"y":-603.719970703125,"z":39.78704833984375},"rotation":{"x":0.29520052671432497,"y":0.567710816860199,"z":-0.228399395942688,"w":0.7337573170661926},"size":4079.5908203125,"orthographic":false}