{"cameraMode":{"drawMode":0,"name":"Shaded","section":"Shading Mode"},"sceneLighting":true,"audioPlay":false,"sceneViewState":{"showFog":true,"showMaterialUpdate":false,"showSkybox":true,"showFlares":true,"showImageEffects":true,"showParticleSystems":true},"in2DMode":false,"pivot":{"x":-1.3887295722961426,"y":0.5989160537719727,"z":-0.5494468212127686},"rotation":{"x":0.32521286606788638,"y":-0.5623267889022827,"z":0.25541552901268008,"w":0.7161219120025635},"size":4.175943374633789,"orthographic":false}