{"cameraMode":{"drawMode":0,"name":"Shaded","section":"Shading Mode"},"sceneLighting":true,"audioPlay":false,"sceneViewState":{"showFog":true,"showMaterialUpdate":false,"showSkybox":true,"showFlares":true,"showImageEffects":true,"showParticleSystems":true},"in2DMode":false,"pivot":{"x":-0.5239303112030029,"y":-0.038561344146728519,"z":0.6133040189743042},"rotation":{"x":-0.10904943943023682,"y":0.8548858165740967,"z":-0.1999940276145935,"w":-0.46613726019859316},"size":2.759840250015259,"orthographic":false}