{"cameraMode":{"drawMode":0,"name":"Shaded","section":"Shading Mode"},"sceneLighting":true,"audioPlay":false,"sceneViewState":{"showFog":true,"showMaterialUpdate":false,"showSkybox":true,"showFlares":true,"showImageEffects":true,"showParticleSystems":true},"in2DMode":false,"pivot":{"x":41.79902267456055,"y":5.0011420249938969,"z":50.17454528808594},"rotation":{"x":0.002569379284977913,"y":-0.9947208166122437,"z":0.025678614154458047,"w":0.09940965473651886},"size":1.648118495941162,"orthographic":false}