{"cameraMode":{"drawMode":0,"name":"Shaded","section":"Shading Mode"},"sceneLighting":true,"audioPlay":false,"sceneViewState":{"showFog":true,"showMaterialUpdate":false,"showSkybox":true,"showFlares":true,"showImageEffects":true,"showParticleSystems":true},"in2DMode":false,"pivot":{"x":-0.5933753252029419,"y":0.17102420330047608,"z":0.3600205183029175},"rotation":{"x":0.07706711441278458,"y":-0.9039296507835388,"z":0.1841767281293869,"w":0.378234326839447},"size":2.8578836917877199,"orthographic":false}