{"cameraMode":{"drawMode":0,"name":"Shaded","section":"Shading Mode"},"sceneLighting":true,"audioPlay":false,"sceneViewState":{"showFog":true,"showMaterialUpdate":false,"showSkybox":true,"showFlares":true,"showImageEffects":true,"showParticleSystems":true},"in2DMode":false,"pivot":{"x":-0.009894892573356629,"y":0.19258536398410798,"z":0.038843393325805667},"rotation":{"x":0.04255867004394531,"y":-0.9505736827850342,"z":0.15096700191497804,"w":0.267994225025177},"size":1.0610265731811524,"orthographic":false}