{"cameraMode":{"drawMode":0,"name":"Shaded","section":"Shading Mode"},"sceneLighting":true,"audioPlay":false,"sceneViewState":{"showFog":true,"showMaterialUpdate":false,"showSkybox":true,"showFlares":true,"showImageEffects":true,"showParticleSystems":true},"in2DMode":false,"pivot":{"x":41.710933685302737,"y":6.948607444763184,"z":46.03593444824219},"rotation":{"x":-0.13497570157051087,"y":-0.7684928178787231,"z":0.17249000072479249,"w":-0.6012352108955383},"size":14.536238670349121,"orthographic":false}