{"cameraMode":{"drawMode":0,"name":"Shaded","section":"Shading Mode"},"sceneLighting":true,"audioPlay":false,"sceneViewState":{"showFog":true,"showMaterialUpdate":false,"showSkybox":true,"showFlares":true,"showImageEffects":true,"showParticleSystems":true},"in2DMode":false,"pivot":{"x":32.515350341796878,"y":12.936870574951172,"z":57.92900848388672},"rotation":{"x":0.10444366186857224,"y":-0.8948336243629456,"z":0.28744909167289736,"w":0.3252364993095398},"size":6.64608097076416,"orthographic":false}