{"cameraMode":{"drawMode":0,"name":"Shaded","section":"Shading Mode"},"sceneLighting":true,"audioPlay":false,"sceneViewState":{"showFog":true,"showMaterialUpdate":false,"showSkybox":true,"showFlares":true,"showImageEffects":true,"showParticleSystems":true},"in2DMode":false,"pivot":{"x":15.87530517578125,"y":-574.5470581054688,"z":377.30841064453127},"rotation":{"x":-0.15580537915229798,"y":0.8343583345413208,"z":-0.2973136007785797,"w":-0.4372422993183136},"size":1760.317138671875,"orthographic":false}